,energy,non,agriculture,beverages,food,raw,metals,precious
1,54.769230769230774,61.53846153846154,55.38461538461539,56.30769230769231,53.53846153846153,57.53846153846154,62.153846153846146,54.46153846153846
