,energy,non,agriculture,beverages,food,raw,metals,precious
1,1.7510887785927909,6.416593127889525,4.873453361998958,3.8244392249450976,3.616720134764684,6.433107112911552,5.506191105927338,0.8865649437476919
