,energy,non,agriculture,beverages,food,raw,metals,precious
1,2.923535310570069,9.996630518962569,8.681869729081072,3.0645531873541576,6.287067550152159,8.728493467651866,6.917261008151265,0.22461432321989605
