,energy,non,agriculture,beverages,food,raw,metals,precious
1,56.92307692307692,62.46153846153846,57.84615384615385,56.92307692307692,56.61538461538461,61.846153846153854,61.23076923076923,53.84615384615385
